Model,Train Accuracy,Test Accuracy,Train F1,Test F1,Train Precision,Test Precision,Train Recall,Test Recall,Train ROC-AUC,Test ROC-AUC
Logistic Regression,0.87125,0.852,0.765375854214123,0.7357142857142858,0.6593406593406593,0.6242424242424243,0.9120521172638436,0.8956521739130435,0.8855486308956438,0.8673066064370413
Polynomial Logistic,0.953,0.936,0.8942632170978627,0.8602620087336245,0.9276546091015169,0.8640350877192983,0.8631921824104235,0.8565217391304348,0.9215278872428863,0.9081309994353474
KNN,0.9515,0.92,0.8903954802259887,0.8214285714285714,0.928150765606596,0.8440366972477065,0.8555917480998915,0.8,0.9178900604741094,0.877922077922078
Naive Bayes,0.91025,0.891,0.8237604320078546,0.789980732177264,0.7517921146953405,0.7093425605536332,0.9109663409337676,0.8913043478260869,0.9105010334093976,0.8911067193675888
Decision Tree,0.97575,0.961,0.9460811561978877,0.9123595505617977,0.969248291571754,0.9441860465116279,0.9239956568946797,0.8826086956521739,0.9576132880121335,0.9335121400338792
Random Forest,0.9715,0.963,0.9361702127659575,0.9168539325842696,0.9664739884393063,0.9488372093023256,0.9077090119435396,0.8869565217391304,0.9491451847635853,0.9363354037267081
Gradient Boosting,0.9765,0.961,0.9478357380688124,0.912751677852349,0.9693530079455165,0.9400921658986175,0.9272529858849077,0.8869565217391304,0.9592419525072475,0.9350367024280068
AdaBoost,0.97075,0.963,0.9345271404588696,0.9168539325842696,0.964203233256351,0.9488372093023256,0.9066232356134636,0.8869565217391304,0.9482775158255691,0.9363354037267081
SVM,0.9325,0.907,0.8609680741503605,0.8158415841584158,0.8188050930460333,0.7490909090909091,0.9077090119435396,0.8956521739130435,0.9238122844712826,0.9030208921513271
